"cell","window","pct.rank","Rank"
"24461","hum_6_7",0.999577992782367,0.0700622722506523
"24462","hum_6_7",0.999405493483148,0.0630426481366158
"24793","hum_6_7",0.988242324547923,0.0235618520528078
"24794","hum_6_7",0.999722768979927,0.0779820680618286
"24795","hum_6_7",0.999910670002291,0.098302885890007
"24796","hum_6_7",0.99957183209311,0.0693296268582344
"25125","hum_6_7",0.996728674000612,0.0391537845134735
"25126","hum_6_7",0.999448618307953,0.0640541836619377
"25127","hum_6_7",0.998040900812534,0.0461931154131889
