"cell","window","pct.rank","Rank"
"24461","hum_6_7",0.999263797630214,0.0640163421630859
"24462","hum_6_7",0.999057414540076,0.0595679990947247
"24793","hum_6_7",0.987031749108753,0.0222679655998945
"24794","hum_6_7",0.999568751748478,0.0744259133934975
"24795","hum_6_7",0.999799777595647,0.0893532410264015
"24796","hum_6_7",0.99921759246078,0.0626854076981544
"25125","hum_6_7",0.996084881973164,0.0372400358319283
"25126","hum_6_7",0.999032771783045,0.0592177025973797
"25127","hum_6_7",0.997406349818972,0.042776457965374
