"cell","window","pct.rank","Rank"
"24461","hum_6_7",0.999257636940956,0.0638216733932495
"24462","hum_6_7",0.999063575229334,0.0596772581338882
"24793","hum_6_7",0.986911615668224,0.022115571424365
"24794","hum_6_7",0.999565671403848,0.0743580162525177
"24795","hum_6_7",0.999796697251018,0.0891589671373367
"24796","hum_6_7",0.999199110393006,0.0624546743929386
"25125","hum_6_7",0.996038676803729,0.0371174737811089
"25126","hum_6_7",0.9990173700599,0.0589077733457088
"25127","hum_6_7",0.997378626717312,0.0427164882421494
