"","PC1","PC2","PC3","PC4","PC5","PC6","LandCover"
"ptr1.ptr2_EMmeanByROC_mergedAlgo_mergedRun_mergedData",0.335778321108395,0.0546047269763651,0.3480032599837,0.0855745721271394,0.155664221678892,0.019559902200489,0.000814995925020376
"ptr1.ptr2_EMmedianByROC_mergedAlgo_mergedRun_mergedData",0.322627737226277,0.0496350364963503,0.363503649635037,0.0554744525547445,0.188321167883212,0.0204379562043796,0
"ptr1.ptr2_EMcaByROC_mergedAlgo_mergedRun_mergedData",0.375203915171289,0.0619902120717781,0.303425774877651,0.0938009787928222,0.143556280587276,0.0212071778140294,0.000815660685154976
"ptr1.ptr2_EMwmeanByROC_mergedAlgo_mergedRun_mergedData",0.333606557377049,0.0549180327868852,0.345901639344262,0.0860655737704918,0.158196721311475,0.0204918032786885,0.000819672131147542
