"var.name","GLM","GBM","CTA","ANN","FDA","RF"
"LandCover",0.018438150915445,0.000316210911790762,0,0.00733448146933215,0,0.00439578138827098
"PC1",0.258567439930302,0.280407966751688,0.260034814710455,0.212463951237175,0.355832185414262,0.184956073118745
"PC2",0.033572446112306,0.0781823237678815,0.192951342848351,0.149571539754449,0.0171160833811436,0.162533161565644
"PC3",0.33876739440413,0.295570079257087,0.223010201090835,0.285546758747361,0.381625005632949,0.245517630577299
"PC4",0.178156847873223,0.0405039174440182,0.0723024691165,0.209645298182857,0.0273528499143905,0.0513305306712091
"PC5",0.148284060476577,0.283544486954356,0.183579423993031,0.0791684630914045,0.175927516367777,0.270914920202142
"PC6",0.024213660288018,0.0214750149131786,0.0681217482408274,0.056269507517422,0.0421463592894785,0.0803519024766904
